Workbook

Sheet Guide
A1: Disability & Death Policy: Excel cross-check
A2: Part of the Actuarial Models Lab project. This workbook rebuilds the R calculations independently in spreadsheet formulas.
A4: Sheets
A5: Assumptions: all inputs in one place. Every other sheet reads from here.
A6: Euler: Kolmogorov forward equations solved step by step (same method as the R engine), then the annuity and insurance integrals by the trapezoid rule.
A7: Closed form: exact formulas for constant intensities, with no numerical method at all.
A8: Cross-check: R calculator results side by side with both Excel methods.
A9: Experience: paste the SQL query results from R and Excel re-estimates the intensities.
A11: Legend
A12: Blue text on yellow = input you can change
A13: Black text = formula
A14: Green text = value pulled from another sheet
A16: Illustrative assumptions only, not calibrated to real data and not a pricing basis.

Sheet Assumptions
A1: Assumptions
A2: States: 0 = healthy, 1 = disabled, 2 = dead. Premiums paid continuously while healthy.
A4: Item | B4: Value | C4: Note
A5: Intensity healthy to disabled (mu01) | B5: 0.02 | C5: Per year. Default matches the calculator.
A6: Intensity death while healthy (mu02) | B6: 0.01 | C6: Per year.
A7: Intensity death while disabled (mu12) | B7: 0.05 | C7: Per year. Must differ from mu01 + mu02 for the closed form.
A8: Force of interest (delta) | B8: 0.05 | C8: Continuous rate.
A9: Policy term n (years) | B9: 20 | C9: At most 40 with step 0.01 (Euler sheet has 4,000 steps).
A10: Disability benefit per year | B10: 12000 | C10: Paid continuously while disabled.
A11: Death benefit | B11: 50000 | C11: Paid immediately on death.
A12: Euler step size h | B12: 0.01 | C12: Same default as the R engine. Do not go below 0.01.
A13: Number of Euler steps N = n / h | B13: =ROUND(B9/B12,0) -> 2000
A14: Steps available on Euler sheet | B14: =IF(B13<=4000,"OK","Too many steps: raise h or shorten n") -> OK

Sheet Euler
A1: Euler solution of Kolmogorov's forward equations
A2: p00(t+h) = p00(t)(1 - h(mu01+mu02)); p01(t+h) = p01(t) + h(p00(t) mu01 - p01(t) mu12); trapezoid weights are zero beyond the term.
L4: Results
L5: a-bar 00 (annuity while healthy) | M5: =SUMPRODUCT($C$8:$C$4008,$H$8:$H$4008) -> 9.97596
L6: a-bar 01 (annuity while disabled) | M6: =SUMPRODUCT($C$8:$C$4008,$I$8:$I$4008) -> 1.3300548
A7: Step k | B7: Time t | C7: Trapezoid weight | D7: p00 healthy | E7: p01 disabled | F7: p02 dead | G7: Discount e^(-delta t) | H7: v p00 | I7: v p01 | J7: v (p00 mu02 + p01 mu12) | L7: A-bar 02 (insurance on death) | M7: =SUMPRODUCT($C$8:$C$4008,$J$8:$J$4008) -> 0.16626234
A8: 0 | B8: =A8*Assumptions!$B$12 -> 0 | C8: =IF(A8<=Assumptions!$B$13,IF(OR(A8=0,A8=Assumptions!$B$13),0.5,1),0)*Assumptions!$B$12 -> 0.005 | D8: 1 | E8: 0 | F8: =1-D8-E8 -> 0 | G8: =EXP(-Assumptions!$B$8*B8) -> 1 | H8: =G8*D8 -> 1 | I8: =G8*E8 -> 0 | J8: =G8*(D8*Assumptions!$B$6+E8*Assumptions!$B$7) -> 0.01 | L8: EPV disability benefit | M8: =Assumptions!$B$10*M6 -> 15960.657
A9: 1 | B9: =A9*Assumptions!$B$12 -> 0.01 | C9: =IF(A9<=Assumptions!$B$13,IF(OR(A9=0,A9=Assumptions!$B$13),0.5,1),0)*Assumptions!$B$12 -> 0.01 | D9: =D8*(1-Assumptions!$B$12*(Assumptions!$B$5+Assumptions!$B$6)) -> 0.9997 | E9: =E8+Assumptions!$B$12*(D8*Assumptions!$B$5-E8*Assumptions!$B$7) -> 0.0002 | F9: =1-D9-E9 -> 0.0001 | G9: =EXP(-Assumptions!$B$8*B9) -> 0.99950012 | H9: =G9*D9 -> 0.99920027 | I9: =G9*E9 -> 0.00019990002 | J9: =G9*(D9*Assumptions!$B$6+E9*Assumptions!$B$7) -> 0.010001998 | L9: EPV death benefit | M9: =Assumptions!$B$11*M7 -> 8313.1169
A10: 2 | B10: =A10*Assumptions!$B$12 -> 0.02 | C10: =IF(A10<=Assumptions!$B$13,IF(OR(A10=0,A10=Assumptions!$B$13),0.5,1),0)*Assumptions!$B$12 -> 0.01 | D10: =D9*(1-Assumptions!$B$12*(Assumptions!$B$5+Assumptions!$B$6)) -> 0.99940009 | E10: =E9+Assumptions!$B$12*(D9*Assumptions!$B$5-E9*Assumptions!$B$7) -> 0.00039984 | F10: =1-D10-E10 -> 0.00020007 | G10: =EXP(-Assumptions!$B$8*B10) -> 0.9990005 | H10: =G10*D10 -> 0.99840119 | I10: =G10*E10 -> 0.00039944036 | J10: =G10*(D10*Assumptions!$B$6+E10*Assumptions!$B$7) -> 0.010003984 | L10: Total EPV of benefits | M10: =M8+M9 -> 24273.774
A11: 3 | B11: =A11*Assumptions!$B$12 -> 0.03 | C11: =IF(A11<=Assumptions!$B$13,IF(OR(A11=0,A11=Assumptions!$B$13),0.5,1),0)*Assumptions!$B$12 -> 0.01 | D11: =D10*(1-Assumptions!$B$12*(Assumptions!$B$5+Assumptions!$B$6)) -> 0.99910027 | E11: =E10+Assumptions!$B$12*(D10*Assumptions!$B$5-E10*Assumptions!$B$7) -> 0.0005995201 | F11: =1-D11-E11 -> 0.00030020993 | G11: =EXP(-Assumptions!$B$8*B11) -> 0.99850112 | H11: =G11*D11 -> 0.99760274 | I11: =G11*E11 -> 0.00059862149 | J11: =G11*(D11*Assumptions!$B$6+E11*Assumptions!$B$7) -> 0.010005959 | L11: Annual premium | M11: =M10/M5 -> 2433.2269
A12: 4 | B12: =A12*Assumptions!$B$12 -> 0.04 | C12: =IF(A12<=Assumptions!$B$13,IF(OR(A12=0,A12=Assumptions!$B$13),0.5,1),0)*Assumptions!$B$12 -> 0.01 | D12: =D11*(1-Assumptions!$B$12*(Assumptions!$B$5+Assumptions!$B$6)) -> 0.99880054 | E12: =E11+Assumptions!$B$12*(D11*Assumptions!$B$5-E11*Assumptions!$B$7) -> 0.00079904039 | F12: =1-D12-E12 -> 0.00040041972 | G12: =EXP(-Assumptions!$B$8*B12) -> 0.998002 | H12: =G12*D12 -> 0.99680494 | I12: =G12*E12 -> 0.00079744391 | J12: =G12*(D12*Assumptions!$B$6+E12*Assumptions!$B$7) -> 0.010007922
A13: 5 | B13: =A13*Assumptions!$B$12 -> 0.05 | C13: =IF(A13<=Assumptions!$B$13,IF(OR(A13=0,A13=Assumptions!$B$13),0.5,1),0)*Assumptions!$B$12 -> 0.01 | D13: =D12*(1-Assumptions!$B$12*(Assumptions!$B$5+Assumptions!$B$6)) -> 0.9985009 | E13: =E12+Assumptions!$B$12*(D12*Assumptions!$B$5-E12*Assumptions!$B$7) -> 0.00099840098 | F13: =1-D13-E13 -> 0.00050069929 | G13: =EXP(-Assumptions!$B$8*B13) -> 0.99750312 | H13: =G13*D13 -> 0.99600777 | I13: =G13*E13 -> 0.00099590809 | J13: =G13*(D13*Assumptions!$B$6+E13*Assumptions!$B$7) -> 0.010009873
A14: 6 | B14: =A14*Assumptions!$B$12 -> 0.06 | C14: =IF(A14<=Assumptions!$B$13,IF(OR(A14=0,A14=Assumptions!$B$13),0.5,1),0)*Assumptions!$B$12 -> 0.01 | D14: =D13*(1-Assumptions!$B$12*(Assumptions!$B$5+Assumptions!$B$6)) -> 0.99820135 | E14: =E13+Assumptions!$B$12*(D13*Assumptions!$B$5-E13*Assumptions!$B$7) -> 0.001197602 | F14: =1-D14-E14 -> 0.00060104858 | G14: =EXP(-Assumptions!$B$8*B14) -> 0.9970045 | H14: =G14*D14 -> 0.99521123 | I14: =G14*E14 -> 0.0011940145 | J14: =G14*(D14*Assumptions!$B$6+E14*Assumptions!$B$7) -> 0.010011813
A15: 7 | B15: =A15*Assumptions!$B$12 -> 0.07 | C15: =IF(A15<=Assumptions!$B$13,IF(OR(A15=0,A15=Assumptions!$B$13),0.5,1),0)*Assumptions!$B$12 -> 0.01 | D15: =D14*(1-Assumptions!$B$12*(Assumptions!$B$5+Assumptions!$B$6)) -> 0.99790189 | E15: =E14+Assumptions!$B$12*(D14*Assumptions!$B$5-E14*Assumptions!$B$7) -> 0.0013966434 | F15: =1-D15-E15 -> 0.00070146752 | G15: =EXP(-Assumptions!$B$8*B15) -> 0.99650612 | H15: =G15*D15 -> 0.99441534 | I15: =G15*E15 -> 0.0013917637 | J15: =G15*(D15*Assumptions!$B$6+E15*Assumptions!$B$7) -> 0.010013742
A16: 8 | B16: =A16*Assumptions!$B$12 -> 0.08 | C16: =IF(A16<=Assumptions!$B$13,IF(OR(A16=0,A16=Assumptions!$B$13),0.5,1),0)*Assumptions!$B$12 -> 0.01 | D16: =D15*(1-Assumptions!$B$12*(Assumptions!$B$5+Assumptions!$B$6)) -> 0.99760252 | E16: =E15+Assumptions!$B$12*(D15*Assumptions!$B$5-E15*Assumptions!$B$7) -> 0.0015955255 | F16: =1-D16-E16 -> 0.00080195603 | G16: =EXP(-Assumptions!$B$8*B16) -> 0.99600799 | H16: =G16*D16 -> 0.99362008 | I16: =G16*E16 -> 0.0015891561 | J16: =G16*(D16*Assumptions!$B$6+E16*Assumptions!$B$7) -> 0.010015659
A17: 9 | B17: =A17*Assumptions!$B$12 -> 0.09 | C17: =IF(A17<=Assumptions!$B$13,IF(OR(A17=0,A17=Assumptions!$B$13),0.5,1),0)*Assumptions!$B$12 -> 0.01 | D17: =D16*(1-Assumptions!$B$12*(Assumptions!$B$5+Assumptions!$B$6)) -> 0.99730324 | E17: =E16+Assumptions!$B$12*(D16*Assumptions!$B$5-E16*Assumptions!$B$7) -> 0.0017942482 | F17: =1-D17-E17 -> 0.00090251404 | G17: =EXP(-Assumptions!$B$8*B17) -> 0.99551011 | H17: =G17*D17 -> 0.99282546 | I17: =G17*E17 -> 0.0017861922 | J17: =G17*(D17*Assumptions!$B$6+E17*Assumptions!$B$7) -> 0.010017564
A18: 10 | B18: =A18*Assumptions!$B$12 -> 0.1 | C18: =IF(A18<=Assumptions!$B$13,IF(OR(A18=0,A18=Assumptions!$B$13),0.5,1),0)*Assumptions!$B$12 -> 0.01 | D18: =D17*(1-Assumptions!$B$12*(Assumptions!$B$5+Assumptions!$B$6)) -> 0.99700405 | E18: =E17+Assumptions!$B$12*(D17*Assumptions!$B$5-E17*Assumptions!$B$7) -> 0.0019928117 | F18: =1-D18-E18 -> 0.0010031415 | G18: =EXP(-Assumptions!$B$8*B18) -> 0.99501248 | H18: =G18*D18 -> 0.99203147 | I18: =G18*E18 -> 0.0019828726 | J18: =G18*(D18*Assumptions!$B$6+E18*Assumptions!$B$7) -> 0.010019458
A19: 11 | B19: =A19*Assumptions!$B$12 -> 0.11 | C19: =IF(A19<=Assumptions!$B$13,IF(OR(A19=0,A19=Assumptions!$B$13),0.5,1),0)*Assumptions!$B$12 -> 0.01 | D19: =D18*(1-Assumptions!$B$12*(Assumptions!$B$5+Assumptions!$B$6)) -> 0.99670495 | E19: =E18+Assumptions!$B$12*(D18*Assumptions!$B$5-E18*Assumptions!$B$7) -> 0.0021912162 | F19: =1-D19-E19 -> 0.0011038383 | G19: =EXP(-Assumptions!$B$8*B19) -> 0.9945151 | H19: =G19*D19 -> 0.99123812 | I19: =G19*E19 -> 0.0021791975 | J19: =G19*(D19*Assumptions!$B$6+E19*Assumptions!$B$7) -> 0.010021341
A20: 12 | B20: =A20*Assumptions!$B$12 -> 0.12 | C20: =IF(A20<=Assumptions!$B$13,IF(OR(A20=0,A20=Assumptions!$B$13),0.5,1),0)*Assumptions!$B$12 -> 0.01 | D20: =D19*(1-Assumptions!$B$12*(Assumptions!$B$5+Assumptions!$B$6)) -> 0.99640593 | E20: =E19+Assumptions!$B$12*(D19*Assumptions!$B$5-E19*Assumptions!$B$7) -> 0.0023894615 | F20: =1-D20-E20 -> 0.0012046044 | G20: =EXP(-Assumptions!$B$8*B20) -> 0.99401796 | H20: =G20*D20 -> 0.9904454 | I20: =G20*E20 -> 0.0023751677 | J20: =G20*(D20*Assumptions!$B$6+E20*Assumptions!$B$7) -> 0.010023212
A21: 13 | B21: =A21*Assumptions!$B$12 -> 0.13 | C21: =IF(A21<=Assumptions!$B$13,IF(OR(A21=0,A21=Assumptions!$B$13),0.5,1),0)*Assumptions!$B$12 -> 0.01 | D21: =D20*(1-Assumptions!$B$12*(Assumptions!$B$5+Assumptions!$B$6)) -> 0.99610701 | E21: =E20+Assumptions!$B$12*(D20*Assumptions!$B$5-E20*Assumptions!$B$7) -> 0.002587548 | F21: =1-D21-E21 -> 0.0013054397 | G21: =EXP(-Assumptions!$B$8*B21) -> 0.99352108 | H21: =G21*D21 -> 0.98965331 | I21: =G21*E21 -> 0.0025707835 | J21: =G21*(D21*Assumptions!$B$6+E21*Assumptions!$B$7) -> 0.010025072
A22: 14 | B22: =A22*Assumptions!$B$12 -> 0.14 | C22: =IF(A22<=Assumptions!$B$13,IF(OR(A22=0,A22=Assumptions!$B$13),0.5,1),0)*Assumptions!$B$12 -> 0.01 | D22: =D21*(1-Assumptions!$B$12*(Assumptions!$B$5+Assumptions!$B$6)) -> 0.99580818 | E22: =E21+Assumptions!$B$12*(D21*Assumptions!$B$5-E21*Assumptions!$B$7) -> 0.0027854756 | F22: =1-D22-E22 -> 0.0014063442 | G22: =EXP(-Assumptions!$B$8*B22) -> 0.99302444 | H22: =G22*D22 -> 0.98886186 | I22: =G22*E22 -> 0.0027660454 | J22: =G22*(D22*Assumptions!$B$6+E22*Assumptions!$B$7) -> 0.010026921
A23: 15 | B23: =A23*Assumptions!$B$12 -> 0.15 | C23: =IF(A23<=Assumptions!$B$13,IF(OR(A23=0,A23=Assumptions!$B$13),0.5,1),0)*Assumptions!$B$12 -> 0.01 | D23: =D22*(1-Assumptions!$B$12*(Assumptions!$B$5+Assumptions!$B$6)) -> 0.99550944 | E23: =E22+Assumptions!$B$12*(D22*Assumptions!$B$5-E22*Assumptions!$B$7) -> 0.0029832445 | F23: =1-D23-E23 -> 0.0015073178 | G23: =EXP(-Assumptions!$B$8*B23) -> 0.99252805 | H23: =G23*D23 -> 0.98807105 | I23: =G23*E23 -> 0.0029609539 | J23: =G23*(D23*Assumptions!$B$6+E23*Assumptions!$B$7) -> 0.010028758
... A4008: 4000 | B4008: =A4008*Assumptions!$B$12 -> 40 | C4008: =IF(A4008<=Assumptions!$B$13,IF(OR(A4008=0,A4008=Assumptions!$B$13),0.5,1),0)*Assumptions!$B$12 -> 0 | D4008: =D4007*(1-Assumptions!$B$12*(Assumptions!$B$5+Assumptions!$B$6)) -> 0.30113999 | E4008: =E4007+Assumptions!$B$12*(D4007*Assumptions!$B$5-E4007*Assumptions!$B$7) -> 0.16587238 | F4008: =1-D4008-E4008 -> 0.53298763 | G4008: =EXP(-Assumptions!$B$8*B4008) -> 0.13533528 | H4008: =G4008*D4008 -> 0.040754866 | I4008: =G4008*E4008 -> 0.022448386 | J4008: =G4008*(D4008*Assumptions!$B$6+E4008*Assumptions!$B$7) -> 0.0015299679

Sheet Closed form
A1: Closed-form values (constant intensities)
A2: Exact integrals, no numerical method. Small differences from the Euler sheet are the Euler discretisation error.
A4: Total exit rate from healthy, k = mu01 + mu02 | B4: =Assumptions!$B$5+Assumptions!$B$6 -> 0.03
A5: Annuity while healthy: (1 - e^-(k+delta)n) / (k+delta) | B5: =(1-EXP(-(B4+Assumptions!$B$8)*Assumptions!$B$9))/(B4+Assumptions!$B$8) -> 9.9762935
A6: Annuity while disabled (needs mu12 different from k) | B6: =Assumptions!$B$5/(Assumptions!$B$7-B4)*((1-EXP(-(B4+Assumptions!$B$8)*Assumptions!$B$9))/(B4+Assumptions!$B$8)-(1-EXP(-(Assumptions!$B$7+Assumptions!$B$8)*Assumptions!$B$9))/(Assumptions!$B$7+Assumptions!$B$8)) -> 1.3296464
A7: Insurance on death: mu02 a00 + mu12 a01 | B7: =Assumptions!$B$6*B5+Assumptions!$B$7*B6 -> 0.16624525
A8: EPV disability benefit | B8: =Assumptions!$B$10*B6 -> 15955.756
A9: EPV death benefit | B9: =Assumptions!$B$11*B7 -> 8312.2627
A10: Total EPV of benefits | B10: =B8+B9 -> 24268.019
A11: Annual premium | B11: =B10/B5 -> 2432.5687
A13: Check: mu12 differs from mu01 + mu02 | B13: =IF(ABS(Assumptions!$B$7-B4)>0.000001,"OK","Equal: closed form not valid") -> OK

Sheet Cross-check
A1: R calculator vs Excel
A2: R values were read off the Shiny calculator at the default assumptions. If you change the assumptions, re-enter the R values from the app.
A4: Item | B4: R calculator | C4: Excel: Euler | D4: Excel: closed form | E4: R minus Excel Euler | F4: Euler minus closed form
A5: Annual premium | B5: 2433.23 | C5: =Euler!M11 -> 2433.2269 | D5: ='Closed form'!B11 -> 2432.5687 | E5: =B5-C5 -> 0.0031032056 | F5: =C5-D5 -> 0.65823947
A6: EPV disability benefit | B6: 15960.66 | C6: =Euler!M8 -> 15960.657 | D6: ='Closed form'!B8 -> 15955.756 | E6: =B6-C6 -> 0.0027909388 | F6: =C6-D6 -> 4.9009199
A7: EPV death benefit | B7: 8313.12 | C7: =Euler!M9 -> 8313.1169 | D7: ='Closed form'!B9 -> 8312.2627 | E7: =B7-C7 -> 0.0030984456 | F7: =C7-D7 -> 0.85424544
A8: Total EPV of benefits | B8: 24273.77 | C8: =Euler!M10 -> 24273.774 | D8: ='Closed form'!B10 -> 24268.019 | E8: =B8-C8 -> -0.0041106156 | F8: =C8-D8 -> 5.7551653
A10: R and Excel agree to the cent? | B10: =IF(MAX(ABS(E5),ABS(E6),ABS(E7),ABS(E8))<0.01,"Yes","No: check assumptions match the app") -> Yes
A11: Euler error vs exact premium (%) | B11: =F5/D5 -> 0.00027059441

Sheet Experience
A1: Intensities from experience data
A2: Values below are the SQL query results from the simulated experience data (20,000 lives, 5 years, seed 2026).
A4: Input | B4: Value
A5: Exposure in healthy (years), T0 | B5: 70112.84
A6: Exposure in disabled (years), T1 | B6: 14276.49
A7: Transitions healthy to disabled, D01 | B7: 7016
A8: Transitions healthy to dead, D02 | B8: 3587
A9: Transitions disabled to dead, D12 | B9: 2870
A12: Transition | B12: Estimate D / T | C12: Std error sqrt(D) / T | D12: 95% lower | E12: 95% upper
A13: Healthy to disabled | B13: =IF(B5>0,B7/B5,0) -> 0.10006726 | C13: =IF(B5>0,SQRT(B7)/B5,0) -> 0.001194668 | D13: =B13-1.96*C13 -> 0.097725714 | E13: =B13+1.96*C13 -> 0.10240881
A14: Death while healthy | B14: =IF(B5>0,B8/B5,0) -> 0.051160387 | C14: =IF(B5>0,SQRT(B8)/B5,0) -> 0.00085421684 | D14: =B14-1.96*C14 -> 0.049486122 | E14: =B14+1.96*C14 -> 0.052834652
A15: Death while disabled | B15: =IF(B6>0,B9/B6,0) -> 0.2010298 | C15: =IF(B6>0,SQRT(B9)/B6,0) -> 0.0037524896 | D15: =B15-1.96*C15 -> 0.19367493 | E15: =B15+1.96*C15 -> 0.20838468
