Workbook

Sheet Guide
A1: Chapter 2: Exits, Excel cross-check
A2: Part of The Odds of a Lifetime. This workbook rebuilds the Chapter 2 calculations independently in spreadsheet formulas.
A4: Sheets
A5: Assumptions: all inputs, matching the calculator's Chapter 2 tab.
A6: Decrement table: independent rates converted to dependent rates (uniform deaths and lapses in each single decrement table), lives in force, annuity and death benefit, with and without lapses.
A7: Cross-check: R calculator results side by side with Excel.
A8: Experience: paste the SQL exit study from R; Excel estimates the rates and computes actual vs expected.
A10: Legend
A11: Blue text on yellow = input you can change
A12: Black text = formula
A13: Green text = value pulled from another sheet
A15: Illustrative assumptions only, not calibrated to real data and not a pricing basis.

Sheet Assumptions
A1: Assumptions
A2: Independent (single decrement) rates. Premiums at the start of each year while in force; death benefit at the end of the year of death; no cash value on lapse.
A4: Item | B4: Value | C4: Note
A5: Policy term n (years) | B5: 20 | C5: At most 30.
A6: Death benefit | B6: 250000 | C6: Paid at the end of the year of death.
A7: Annual interest rate i | B7: 0.05 | C7: Effective rate.
A8: Year 1 death rate | B8: 0.002 | C8: Independent rate.
A9: Annual increase in death rate | B9: 0.08 | C9: Death rate in year k = year 1 rate x (1 + increase)^(k-1).
A10: Year 1 lapse rate | B10: 0.1 | C10: Independent rate.
A11: Lapse rate after year 1 | B11: 0.05 | C11: Independent rate.
A13: Term within the 30-year limit? | B13: =IF(AND(B5>=1,B5<=30),"OK","Term must be 1 to 30") -> OK

Sheet Decrement table
A1: Multiple decrement table and premium
A2: Dependent rates under uniform deaths and lapses in each single decrement table: q(death) = q'(death)(1 - q'(lapse)/2), q(lapse) = q'(lapse)(1 - q'(death)/2).
A7: Policy year k | B7: In term (1/0) | C7: Independent death rate q' | D7: Independent lapse rate q' | E7: Dependent death rate | F7: Dependent lapse rate | G7: In force at start, (k-1)p | H7: Discount v^(k-1) | I7: Annuity term | J7: Death benefit PV term | K7: No lapses: in force at start | L7: No lapses: annuity term | M7: No lapses: death PV term | N7: Per 1,000: in force at start | O7: Per 1,000: deaths | P7: Per 1,000: lapses | R7: Results
A8: 1 | B8: =IF(A8<=Assumptions!$B$5,1,0) -> 1 | C8: =MIN(Assumptions!$B$8*(1+Assumptions!$B$9)^(A8-1),1) -> 0.002 | D8: =IF(A8=1,Assumptions!$B$10,Assumptions!$B$11) -> 0.1 | E8: =C8*(1-D8/2) -> 0.0019 | F8: =D8*(1-C8/2) -> 0.0999 | G8: 1 | H8: =(1+Assumptions!$B$7)^-(A8-1) -> 1 | I8: =B8*H8*G8 -> 1 | J8: =B8*G8*E8*(1+Assumptions!$B$7)^-A8*Assumptions!$B$6 -> 452.38095 | K8: 1 | L8: =B8*H8*K8 -> 1 | M8: =B8*K8*C8*(1+Assumptions!$B$7)^-A8*Assumptions!$B$6 -> 476.19048 | N8: =B8*1000*G8 -> 1000 | O8: =B8*1000*G8*E8 -> 1.9 | P8: =B8*1000*G8*F8 -> 99.9 | R8: Annuity factor (with lapses) | S8: =SUM(I8:I37) -> 8.4905532
A9: 2 | B9: =IF(A9<=Assumptions!$B$5,1,0) -> 1 | C9: =MIN(Assumptions!$B$8*(1+Assumptions!$B$9)^(A9-1),1) -> 0.00216 | D9: =IF(A9=1,Assumptions!$B$10,Assumptions!$B$11) -> 0.05 | E9: =C9*(1-D9/2) -> 0.002106 | F9: =D9*(1-C9/2) -> 0.049946 | G9: =G8*(1-E8-F8) -> 0.8982 | H9: =(1+Assumptions!$B$7)^-(A9-1) -> 0.95238095 | I9: =B9*H9*G9 -> 0.85542857 | J9: =B9*G9*E9*(1+Assumptions!$B$7)^-A9*Assumptions!$B$6 -> 428.93633 | K9: =K8*(1-C8) -> 0.998 | L9: =B9*H9*K9 -> 0.95047619 | M9: =B9*K9*C9*(1+Assumptions!$B$7)^-A9*Assumptions!$B$6 -> 488.81633 | N9: =B9*1000*G9 -> 898.2 | O9: =B9*1000*G9*E9 -> 1.8916092 | P9: =B9*1000*G9*F9 -> 44.861497 | R9: EPV of death benefit (with lapses) | S9: =SUM(J8:J37) -> 6935.6292
A10: 3 | B10: =IF(A10<=Assumptions!$B$5,1,0) -> 1 | C10: =MIN(Assumptions!$B$8*(1+Assumptions!$B$9)^(A10-1),1) -> 0.0023328 | D10: =IF(A10=1,Assumptions!$B$10,Assumptions!$B$11) -> 0.05 | E10: =C10*(1-D10/2) -> 0.00227448 | F10: =D10*(1-C10/2) -> 0.04994168 | G10: =G9*(1-E9-F9) -> 0.85144689 | H10: =(1+Assumptions!$B$7)^-(A10-1) -> 0.90702948 | I10: =B10*H10*G10 -> 0.77228743 | J10: =B10*G10*E10*(1+Assumptions!$B$7)^-A10*Assumptions!$B$6 -> 418.22674 | K10: =K9*(1-C9) -> 0.99584432 | L10: =B10*H10*K10 -> 0.90326015 | M10: =B10*K10*C10*(1+Assumptions!$B$7)^-A10*Assumptions!$B$6 -> 501.6965 | N10: =B10*1000*G10 -> 851.44689 | O10: =B10*1000*G10*E10 -> 1.9365989 | P10: =B10*1000*G10*F10 -> 42.522688 | R10: Annual premium allowing for lapses | S10: =S9/S8 -> 816.86423
A11: 4 | B11: =IF(A11<=Assumptions!$B$5,1,0) -> 1 | C11: =MIN(Assumptions!$B$8*(1+Assumptions!$B$9)^(A11-1),1) -> 0.002519424 | D11: =IF(A11=1,Assumptions!$B$10,Assumptions!$B$11) -> 0.05 | E11: =C11*(1-D11/2) -> 0.0024564384 | F11: =D11*(1-C11/2) -> 0.049937014 | G11: =G10*(1-E10-F10) -> 0.80698761 | H11: =(1+Assumptions!$B$7)^-(A11-1) -> 0.8638376 | I11: =B11*H11*G11 -> 0.69710624 | J11: =B11*G11*E11*(1+Assumptions!$B$7)^-A11*Assumptions!$B$6 -> 407.71393 | K11: =K10*(1-C10) -> 0.99352121 | L11: =B11*H11*K11 -> 0.85824098 | M11: =B11*K11*C11*(1+Assumptions!$B$7)^-A11*Assumptions!$B$6 -> 514.82689 | N11: =B11*1000*G11 -> 806.98761 | O11: =B11*1000*G11*E11 -> 1.9823153 | P11: =B11*1000*G11*F11 -> 40.298552 | R11: Annuity factor (no lapses) | S11: =SUM(L8:L37) -> 12.75743
A12: 5 | B12: =IF(A12<=Assumptions!$B$5,1,0) -> 1 | C12: =MIN(Assumptions!$B$8*(1+Assumptions!$B$9)^(A12-1),1) -> 0.0027209779 | D12: =IF(A12=1,Assumptions!$B$10,Assumptions!$B$11) -> 0.05 | E12: =C12*(1-D12/2) -> 0.0026529535 | F12: =D12*(1-C12/2) -> 0.049931976 | G12: =G11*(1-E11-F11) -> 0.76470674 | H12: =(1+Assumptions!$B$7)^-(A12-1) -> 0.82270247 | I12: =B12*H12*G12 -> 0.62912613 | J12: =B12*G12*E12*(1+Assumptions!$B$7)^-A12*Assumptions!$B$6 -> 397.39103 | K12: =K11*(1-C11) -> 0.99101811 | L12: =B12*H12*K12 -> 0.81531305 | M12: =B12*K12*C12*(1+Assumptions!$B$7)^-A12*Assumptions!$B$6 -> 528.2021 | N12: =B12*1000*G12 -> 764.70674 | O12: =B12*1000*G12*E12 -> 2.0287314 | P12: =B12*1000*G12*F12 -> 38.183318 | R12: EPV of death benefit (no lapses) | S12: =SUM(M8:M37) -> 12165.708
A13: 6 | B13: =IF(A13<=Assumptions!$B$5,1,0) -> 1 | C13: =MIN(Assumptions!$B$8*(1+Assumptions!$B$9)^(A13-1),1) -> 0.0029386562 | D13: =IF(A13=1,Assumptions!$B$10,Assumptions!$B$11) -> 0.05 | E13: =C13*(1-D13/2) -> 0.0028651897 | F13: =D13*(1-C13/2) -> 0.049926534 | G13: =G12*(1-E12-F12) -> 0.72449469 | H13: =(1+Assumptions!$B$7)^-(A13-1) -> 0.78352617 | I13: =B13*H13*G13 -> 0.56766055 | J13: =B13*G13*E13*(1+Assumptions!$B$7)^-A13*Assumptions!$B$6 -> 387.25123 | K13: =K12*(1-C12) -> 0.98832157 | L13: =B13*H13*K13 -> 0.77437581 | M13: =B13*K13*C13*(1+Assumptions!$B$7)^-A13*Assumptions!$B$6 -> 541.8153 | N13: =B13*1000*G13 -> 724.49469 | O13: =B13*1000*G13*E13 -> 2.0758148 | P13: =B13*1000*G13*F13 -> 36.171508 | R13: Annual premium if nobody lapses | S13: =S12/S11 -> 953.6175
A14: 7 | B14: =IF(A14<=Assumptions!$B$5,1,0) -> 1 | C14: =MIN(Assumptions!$B$8*(1+Assumptions!$B$9)^(A14-1),1) -> 0.0031737486 | D14: =IF(A14=1,Assumptions!$B$10,Assumptions!$B$11) -> 0.05 | E14: =C14*(1-D14/2) -> 0.0030944049 | F14: =D14*(1-C14/2) -> 0.049920656 | G14: =G13*(1-E13-F13) -> 0.68624737 | H14: =(1+Assumptions!$B$7)^-(A14-1) -> 0.7462154 | I14: =B14*H14*G14 -> 0.51208835 | J14: =B14*G14*E14*(1+Assumptions!$B$7)^-A14*Assumptions!$B$6 -> 377.28779 | K14: =K13*(1-C13) -> 0.98541724 | L14: =B14*H14*K14 -> 0.73533351 | M14: =B14*K14*C14*(1+Assumptions!$B$7)^-A14*Assumptions!$B$6 -> 555.65803 | N14: =B14*1000*G14 -> 686.24737 | O14: =B14*1000*G14*E14 -> 2.1235272 | P14: =B14*1000*G14*F14 -> 34.257919 | R14: Effect of lapses on the premium | S14: =S10/S13-1 -> -0.14340474
A15: 8 | B15: =IF(A15<=Assumptions!$B$5,1,0) -> 1 | C15: =MIN(Assumptions!$B$8*(1+Assumptions!$B$9)^(A15-1),1) -> 0.0034276485 | D15: =IF(A15=1,Assumptions!$B$10,Assumptions!$B$11) -> 0.05 | E15: =C15*(1-D15/2) -> 0.0033419573 | F15: =D15*(1-C15/2) -> 0.049914309 | G15: =G14*(1-E14-F14) -> 0.64986592 | H15: =(1+Assumptions!$B$7)^-(A15-1) -> 0.71068133 | I15: =B15*H15*G15 -> 0.46184758 | J15: =B15*G15*E15*(1+Assumptions!$B$7)^-A15*Assumptions!$B$6 -> 367.49402 | K15: =K14*(1-C14) -> 0.98228977 | L15: =B15*H15*K15 -> 0.698095 | M15: =B15*K15*C15*(1+Assumptions!$B$7)^-A15*Assumptions!$B$6 -> 569.72007 | N15: =B15*1000*G15 -> 649.86592 | O15: =B15*1000*G15*E15 -> 2.1718242 | P15: =B15*1000*G15*F15 -> 32.437608 | R15: Per 1,000: still in force at the end of the term | S15: =1000*INDEX(G8:G38,Assumptions!$B$5+1) -> 309.83755
A16: 9 | B16: =IF(A16<=Assumptions!$B$5,1,0) -> 1 | C16: =MIN(Assumptions!$B$8*(1+Assumptions!$B$9)^(A16-1),1) -> 0.0037018604 | D16: =IF(A16=1,Assumptions!$B$10,Assumptions!$B$11) -> 0.05 | E16: =C16*(1-D16/2) -> 0.0036093139 | F16: =D16*(1-C16/2) -> 0.049907453 | G16: =G15*(1-E15-F15) -> 0.61525649 | H16: =(1+Assumptions!$B$7)^-(A16-1) -> 0.67683936 | I16: =B16*H16*G16 -> 0.41642981 | J16: =B16*G16*E16*(1+Assumptions!$B$7)^-A16*Assumptions!$B$6 -> 357.86331 | K16: =K15*(1-C15) -> 0.97892283 | L16: =B16*H16*K16 -> 0.6625735 | M16: =B16*K16*C16*(1+Assumptions!$B$7)^-A16*Assumptions!$B$6 -> 583.9892 | N16: =B16*1000*G16 -> 615.25649 | O16: =B16*1000*G16*E16 -> 2.2206538 | P16: =B16*1000*G16*F16 -> 30.705885 | R16: Per 1,000: total deaths | S16: =SUM(O8:O37) -> 46.053874
A17: 10 | B17: =IF(A17<=Assumptions!$B$5,1,0) -> 1 | C17: =MIN(Assumptions!$B$8*(1+Assumptions!$B$9)^(A17-1),1) -> 0.0039980093 | D17: =IF(A17=1,Assumptions!$B$10,Assumptions!$B$11) -> 0.05 | E17: =C17*(1-D17/2) -> 0.003898059 | F17: =D17*(1-C17/2) -> 0.04990005 | G17: =G16*(1-E16-F16) -> 0.58232995 | H17: =(1+Assumptions!$B$7)^-(A17-1) -> 0.64460892 | I17: =B17*H17*G17 -> 0.37537508 | J17: =B17*G17*E17*(1+Assumptions!$B$7)^-A17*Assumptions!$B$6 -> 348.3891 | K17: =K16*(1-C16) -> 0.97529899 | L17: =B17*H17*K17 -> 0.62868643 | M17: =B17*K17*C17*(1+Assumptions!$B$7)^-A17*Assumptions!$B$6 -> 598.45099 | N17: =B17*1000*G17 -> 582.32995 | O17: =B17*1000*G17*E17 -> 2.2699565 | P17: =B17*1000*G17*F17 -> 29.058293 | R17: Per 1,000: total lapses | S17: =SUM(P8:P37) -> 644.10858
A18: 11 | B18: =IF(A18<=Assumptions!$B$5,1,0) -> 1 | C18: =MIN(Assumptions!$B$8*(1+Assumptions!$B$9)^(A18-1),1) -> 0.00431785 | D18: =IF(A18=1,Assumptions!$B$10,Assumptions!$B$11) -> 0.05 | E18: =C18*(1-D18/2) -> 0.0042099037 | F18: =D18*(1-C18/2) -> 0.049892054 | G18: =G17*(1-E17-F17) -> 0.5510017 | H18: =(1+Assumptions!$B$7)^-(A18-1) -> 0.61391325 | I18: =B18*H18*G18 -> 0.33826725 | J18: =B18*G18*E18*(1+Assumptions!$B$7)^-A18*Assumptions!$B$6 -> 339.06489 | K18: =K17*(1-C17) -> 0.97139974 | L18: =B18*H18*K18 -> 0.59635517 | M18: =B18*K18*C18*(1+Assumptions!$B$7)^-A18*Assumptions!$B$6 -> 613.08861 | N18: =B18*1000*G18 -> 551.0017 | O18: =B18*1000*G18*E18 -> 2.3196641 | P18: =B18*1000*G18*F18 -> 27.490606
A19: 12 | B19: =IF(A19<=Assumptions!$B$5,1,0) -> 1 | C19: =MIN(Assumptions!$B$8*(1+Assumptions!$B$9)^(A19-1),1) -> 0.004663278 | D19: =IF(A19=1,Assumptions!$B$10,Assumptions!$B$11) -> 0.05 | E19: =C19*(1-D19/2) -> 0.004546696 | F19: =D19*(1-C19/2) -> 0.049883418 | G19: =G18*(1-E18-F18) -> 0.52119143 | H19: =(1+Assumptions!$B$7)^-(A19-1) -> 0.58467929 | I19: =B19*H19*G19 -> 0.30472983 | J19: =B19*G19*E19*(1+Assumptions!$B$7)^-A19*Assumptions!$B$6 -> 329.88427 | K19: =K18*(1-C18) -> 0.96720538 | L19: =B19*H19*K19 -> 0.56550495 | M19: =B19*K19*C19*(1+Assumptions!$B$7)^-A19*Assumptions!$B$6 -> 627.88257 | N19: =B19*1000*G19 -> 521.19143 | O19: =B19*1000*G19*E19 -> 2.369699 | P19: =B19*1000*G19*F19 -> 25.99881
A20: 13 | B20: =IF(A20<=Assumptions!$B$5,1,0) -> 1 | C20: =MIN(Assumptions!$B$8*(1+Assumptions!$B$9)^(A20-1),1) -> 0.0050363402 | D20: =IF(A20=1,Assumptions!$B$10,Assumptions!$B$11) -> 0.05 | E20: =C20*(1-D20/2) -> 0.0049104317 | F20: =D20*(1-C20/2) -> 0.049874091 | G20: =G19*(1-E19-F19) -> 0.49282292 | H20: =(1+Assumptions!$B$7)^-(A20-1) -> 0.55683742 | I20: =B20*H20*G20 -> 0.27442224 | J20: =B20*G20*E20*(1+Assumptions!$B$7)^-A20*Assumptions!$B$6 -> 320.84088 | K20: =K19*(1-C19) -> 0.96269503 | L20: =B20*H20*K20 -> 0.53606462 | M20: =B20*K20*C20*(1+Assumptions!$B$7)^-A20*Assumptions!$B$6 -> 642.81043 | N20: =B20*1000*G20 -> 492.82292 | O20: =B20*1000*G20*E20 -> 2.4199733 | P20: =B20*1000*G20*F20 -> 24.579095
A21: 14 | B21: =IF(A21<=Assumptions!$B$5,1,0) -> 1 | C21: =MIN(Assumptions!$B$8*(1+Assumptions!$B$9)^(A21-1),1) -> 0.0054392475 | D21: =IF(A21=1,Assumptions!$B$10,Assumptions!$B$11) -> 0.05 | E21: =C21*(1-D21/2) -> 0.0053032663 | F21: =D21*(1-C21/2) -> 0.049864019 | G21: =G20*(1-E20-F20) -> 0.46582385 | H21: =(1+Assumptions!$B$7)^-(A21-1) -> 0.53032135 | I21: =B21*H21*G21 -> 0.24703633 | J21: =B21*G21*E21*(1+Assumptions!$B$7)^-A21*Assumptions!$B$6 -> 311.92844 | K21: =K20*(1-C20) -> 0.95784657 | L21: =B21*H21*K21 -> 0.50796649 | M21: =B21*K21*C21*(1+Assumptions!$B$7)^-A21*Assumptions!$B$6 -> 657.84653 | N21: =B21*1000*G21 -> 465.82385 | O21: =B21*1000*G21*E21 -> 2.4703879 | P21: =B21*1000*G21*F21 -> 23.227849
A22: 15 | B22: =IF(A22<=Assumptions!$B$5,1,0) -> 1 | C22: =MIN(Assumptions!$B$8*(1+Assumptions!$B$9)^(A22-1),1) -> 0.0058743872 | D22: =IF(A22=1,Assumptions!$B$10,Assumptions!$B$11) -> 0.05 | E22: =C22*(1-D22/2) -> 0.0057275276 | F22: =D22*(1-C22/2) -> 0.04985314 | G22: =G21*(1-E21-F21) -> 0.44012561 | H22: =(1+Assumptions!$B$7)^-(A22-1) -> 0.50506795 | I22: =B22*H22*G22 -> 0.22229334 | J22: =B22*G22*E22*(1+Assumptions!$B$7)^-A22*Assumptions!$B$6 -> 303.14077 | K22: =K21*(1-C21) -> 0.95263661 | L22: =B22*H22*K22 -> 0.48114622 | M22: =B22*K22*C22*(1+Assumptions!$B$7)^-A22*Assumptions!$B$6 -> 672.96172 | N22: =B22*1000*G22 -> 440.12561 | O22: =B22*1000*G22*E22 -> 2.5208316 | P22: =B22*1000*G22*F22 -> 21.941644
A23: 16 | B23: =IF(A23<=Assumptions!$B$5,1,0) -> 1 | C23: =MIN(Assumptions!$B$8*(1+Assumptions!$B$9)^(A23-1),1) -> 0.0063443382 | D23: =IF(A23=1,Assumptions!$B$10,Assumptions!$B$11) -> 0.05 | E23: =C23*(1-D23/2) -> 0.0061857298 | F23: =D23*(1-C23/2) -> 0.049841392 | G23: =G22*(1-E22-F22) -> 0.41566314 | H23: =(1+Assumptions!$B$7)^-(A23-1) -> 0.4810171 | I23: =B23*H23*G23 -> 0.19994108 | J23: =B23*G23*E23*(1+Assumptions!$B$7)^-A23*Assumptions!$B$6 -> 294.47178 | K23: =K22*(1-C22) -> 0.94704045 | L23: =B23*H23*K23 -> 0.45554265 | M23: =B23*K23*C23*(1+Assumptions!$B$7)^-A23*Assumptions!$B$6 -> 688.12301 | N23: =B23*1000*G23 -> 415.66314 | O23: =B23*1000*G23*E23 -> 2.5711799 | P23: =B23*1000*G23*F23 -> 20.717229
A24: 17 | B24: =IF(A24<=Assumptions!$B$5,1,0) -> 1 | C24: =MIN(Assumptions!$B$8*(1+Assumptions!$B$9)^(A24-1),1) -> 0.0068518853 | D24: =IF(A24=1,Assumptions!$B$10,Assumptions!$B$11) -> 0.05 | E24: =C24*(1-D24/2) -> 0.0066805882 | F24: =D24*(1-C24/2) -> 0.049828703 | G24: =G23*(1-E23-F23) -> 0.39237473 | H24: =(1+Assumptions!$B$7)^-(A24-1) -> 0.45811152 | I24: =B24*H24*G24 -> 0.17975138 | J24: =B24*G24*E24*(1+Assumptions!$B$7)^-A24*Assumptions!$B$6 -> 285.91547 | K24: =K23*(1-C23) -> 0.94103211 | L24: =B24*H24*K24 -> 0.43109765 | M24: =B24*K24*C24*(1+Assumptions!$B$7)^-A24*Assumptions!$B$6 -> 703.29325 | N24: =B24*1000*G24 -> 392.37473 | O24: =B24*1000*G24*E24 -> 2.621294 | P24: =B24*1000*G24*F24 -> 19.551524
A25: 18 | B25: =IF(A25<=Assumptions!$B$5,1,0) -> 1 | C25: =MIN(Assumptions!$B$8*(1+Assumptions!$B$9)^(A25-1),1) -> 0.0074000361 | D25: =IF(A25=1,Assumptions!$B$10,Assumptions!$B$11) -> 0.05 | E25: =C25*(1-D25/2) -> 0.0072150352 | F25: =D25*(1-C25/2) -> 0.049814999 | G25: =G24*(1-E24-F24) -> 0.37020191 | H25: =(1+Assumptions!$B$7)^-(A25-1) -> 0.43629669 | I25: =B25*H25*G25 -> 0.16151787 | J25: =B25*G25*E25*(1+Assumptions!$B$7)^-A25*Assumptions!$B$6 -> 277.46598 | K25: =K24*(1-C24) -> 0.93458426 | L25: =B25*H25*K25 -> 0.40775602 | M25: =B25*K25*C25*(1+Assumptions!$B$7)^-A25*Assumptions!$B$6 -> 718.43077 | N25: =B25*1000*G25 -> 370.20191 | O25: =B25*1000*G25*E25 -> 2.6710198 | P25: =B25*1000*G25*F25 -> 18.441608
A26: 19 | B26: =IF(A26<=Assumptions!$B$5,1,0) -> 1 | C26: =MIN(Assumptions!$B$8*(1+Assumptions!$B$9)^(A26-1),1) -> 0.007992039 | D26: =IF(A26=1,Assumptions!$B$10,Assumptions!$B$11) -> 0.05 | E26: =C26*(1-D26/2) -> 0.007792238 | F26: =D26*(1-C26/2) -> 0.049800199 | G26: =G25*(1-E25-F25) -> 0.34908928 | H26: =(1+Assumptions!$B$7)^-(A26-1) -> 0.41552065 | I26: =B26*H26*G26 -> 0.14505381 | J26: =B26*G26*E26*(1+Assumptions!$B$7)^-A26*Assumptions!$B$6 -> 269.11757 | K26: =K25*(1-C25) -> 0.9276683 | L26: =B26*H26*K26 -> 0.38546534 | M26: =B26*K26*C26*(1+Assumptions!$B$7)^-A26*Assumptions!$B$6 -> 733.48906 | N26: =B26*1000*G26 -> 349.08928 | O26: =B26*1000*G26*E26 -> 2.7201868 | P26: =B26*1000*G26*F26 -> 17.384716
A27: 20 | B27: =IF(A27<=Assumptions!$B$5,1,0) -> 1 | C27: =MIN(Assumptions!$B$8*(1+Assumptions!$B$9)^(A27-1),1) -> 0.0086314021 | D27: =IF(A27=1,Assumptions!$B$10,Assumptions!$B$11) -> 0.05 | E27: =C27*(1-D27/2) -> 0.0084156171 | F27: =D27*(1-C27/2) -> 0.049784215 | G27: =G26*(1-E26-F26) -> 0.32898438 | H27: =(1+Assumptions!$B$7)^-(A27-1) -> 0.39573396 | I27: =B27*H27*G27 -> 0.13019029 | J27: =B27*G27*E27*(1+Assumptions!$B$7)^-A27*Assumptions!$B$6 -> 260.86468 | K27: =K26*(1-C26) -> 0.92025434 | L27: =B27*H27*K27 -> 0.36417589 | M27: =B27*K27*C27*(1+Assumptions!$B$7)^-A27*Assumptions!$B$6 -> 748.41633 | N27: =B27*1000*G27 -> 328.98438 | O27: =B27*1000*G27*E27 -> 2.7686066 | P27: =B27*1000*G27*F27 -> 16.378229
A28: 21 | B28: =IF(A28<=Assumptions!$B$5,1,0) -> 0 | C28: =MIN(Assumptions!$B$8*(1+Assumptions!$B$9)^(A28-1),1) -> 0.0093219143 | D28: =IF(A28=1,Assumptions!$B$10,Assumptions!$B$11) -> 0.05 | E28: =C28*(1-D28/2) -> 0.0090888664 | F28: =D28*(1-C28/2) -> 0.049766952 | G28: =G27*(1-E27-F27) -> 0.30983755 | H28: =(1+Assumptions!$B$7)^-(A28-1) -> 0.37688948 | I28: =B28*H28*G28 -> 0 | J28: =B28*G28*E28*(1+Assumptions!$B$7)^-A28*Assumptions!$B$6 -> 0 | K28: =K27*(1-C27) -> 0.91231126 | L28: =B28*H28*K28 -> 0 | M28: =B28*K28*C28*(1+Assumptions!$B$7)^-A28*Assumptions!$B$6 -> 0 | N28: =B28*1000*G28 -> 0 | O28: =B28*1000*G28*E28 -> 0 | P28: =B28*1000*G28*F28 -> 0
A29: 22 | B29: =IF(A29<=Assumptions!$B$5,1,0) -> 0 | C29: =MIN(Assumptions!$B$8*(1+Assumptions!$B$9)^(A29-1),1) -> 0.010067667 | D29: =IF(A29=1,Assumptions!$B$10,Assumptions!$B$11) -> 0.05 | E29: =C29*(1-D29/2) -> 0.0098159757 | F29: =D29*(1-C29/2) -> 0.049748308 | G29: =G28*(1-E28-F28) -> 0.2916018 | H29: =(1+Assumptions!$B$7)^-(A29-1) -> 0.35894236 | I29: =B29*H29*G29 -> 0 | J29: =B29*G29*E29*(1+Assumptions!$B$7)^-A29*Assumptions!$B$6 -> 0 | K29: =K28*(1-C28) -> 0.90380677 | L29: =B29*H29*K29 -> 0 | M29: =B29*K29*C29*(1+Assumptions!$B$7)^-A29*Assumptions!$B$6 -> 0 | N29: =B29*1000*G29 -> 0 | O29: =B29*1000*G29*E29 -> 0 | P29: =B29*1000*G29*F29 -> 0
... A37: 30 | B37: =IF(A37<=Assumptions!$B$5,1,0) -> 0 | C37: =MIN(Assumptions!$B$8*(1+Assumptions!$B$9)^(A37-1),1) -> 0.01863455 | D37: =IF(A37=1,Assumptions!$B$10,Assumptions!$B$11) -> 0.05 | E37: =C37*(1-D37/2) -> 0.018168686 | F37: =D37*(1-C37/2) -> 0.049534136 | G37: =G36*(1-E36-F36) -> 0.17367937 | H37: =(1+Assumptions!$B$7)^-(A37-1) -> 0.24294632 | I37: =B37*H37*G37 -> 0 | J37: =B37*G37*E37*(1+Assumptions!$B$7)^-A37*Assumptions!$B$6 -> 0 | K37: =K36*(1-C36) -> 0.81141825 | L37: =B37*H37*K37 -> 0 | M37: =B37*K37*C37*(1+Assumptions!$B$7)^-A37*Assumptions!$B$6 -> 0 | N37: =B37*1000*G37 -> 0 | O37: =B37*1000*G37*E37 -> 0 | P37: =B37*1000*G37*F37 -> 0
A38: 31 | G38: =G37*(1-E37-F37) -> 0.16192078 | H38: (end of year 30, used for the in-force total only)

Sheet Cross-check
A1: R calculator vs Excel
A2: R values were read off the calculator's Chapter 2 tab at the default assumptions. If you change the assumptions, re-enter the R values from the app.
A4: Item | B4: R calculator | C4: Excel | D4: R minus Excel
A5: Annual premium allowing for lapses | B5: 816.86 | C5: ='Decrement table'!S10 -> 816.86423 | D5: =B5-C5 -> -0.0042303451
A6: Annual premium if nobody lapses | B6: 953.62 | C6: ='Decrement table'!S13 -> 953.6175 | D6: =B6-C6 -> 0.0025001256
A7: EPV of death benefit (with lapses) | B7: 6935.63 | C7: ='Decrement table'!S9 -> 6935.6292 | D7: =B7-C7 -> 0.00083202541
A8: Annuity factor (with lapses) | B8: 8.4906 | C8: ='Decrement table'!S8 -> 8.4905532 | D8: =B8-C8 -> 4.6845231e-05
A10: R and Excel agree (to the rounding shown in the app)? | B10: =IF(AND(ABS(D5)<0.01,ABS(D6)<0.01,ABS(D7)<0.01,ABS(D8)<0.0001),"Yes","No: check assumptions match the app") -> Yes

Sheet Experience
A1: Exit study from the SQL experience data
A2: Values below are the SQL exit study from 50,000 simulated policies (seed 2026). Expected exits use the dependent rates on the Decrement table sheet.
A4: Policy year | B4: In force at start | C4: Deaths | D4: Lapses | E4: Death rate (deaths / in force) | F4: Lapse rate (lapses / in force) | G4: Expected deaths | H4: Expected lapses | J4: Actual vs expected (years within the term)
A5: 1 | B5: 50000 | C5: 80 | D5: 4982 | E5: =IF(B5>0,C5/B5,"") -> 0.0016 | F5: =IF(B5>0,D5/B5,"") -> 0.09964 | G5: =IF(A5<=Assumptions!$B$5,B5*'Decrement table'!E8,0) -> 95 | H5: =IF(A5<=Assumptions!$B$5,B5*'Decrement table'!F8,0) -> 4995 | J5: Decrement | K5: Actual | L5: Expected | M5: A/E
A6: 2 | B6: 44938 | C6: 91 | D6: 2317 | E6: =IF(B6>0,C6/B6,"") -> 0.0020250122 | F6: =IF(B6>0,D6/B6,"") -> 0.051559927 | G6: =IF(A6<=Assumptions!$B$5,B6*'Decrement table'!E9,0) -> 94.639428 | H6: =IF(A6<=Assumptions!$B$5,B6*'Decrement table'!F9,0) -> 2244.4733 | J6: Death | K6: =SUMIFS(C5:C34,A5:A34,"<="&Assumptions!$B$5) -> 2277 | L6: =SUM(G5:G34) -> 2309.9398 | M6: =IF(L6>0,K6/L6,"") -> 0.98573998
A7: 3 | B7: 42530 | C7: 92 | D7: 2084 | E7: =IF(B7>0,C7/B7,"") -> 0.0021631789 | F7: =IF(B7>0,D7/B7,"") -> 0.049000705 | G7: =IF(A7<=Assumptions!$B$5,B7*'Decrement table'!E10,0) -> 96.733634 | H7: =IF(A7<=Assumptions!$B$5,B7*'Decrement table'!F10,0) -> 2124.0197 | J7: Lapse | K7: =SUMIFS(D5:D34,A5:A34,"<="&Assumptions!$B$5) -> 31970 | L7: =SUM(H5:H34) -> 32259.307 | M7: =IF(L7>0,K7/L7,"") -> 0.99103184
A8: 4 | B8: 40354 | C8: 94 | D8: 1934 | E8: =IF(B8>0,C8/B8,"") -> 0.0023293849 | F8: =IF(B8>0,D8/B8,"") -> 0.047925856 | G8: =IF(A8<=Assumptions!$B$5,B8*'Decrement table'!E11,0) -> 99.127115 | H8: =IF(A8<=Assumptions!$B$5,B8*'Decrement table'!F11,0) -> 2015.1583
A9: 5 | B9: 38326 | C9: 111 | D9: 1940 | E9: =IF(B9>0,C9/B9,"") -> 0.0028962062 | F9: =IF(B9>0,D9/B9,"") -> 0.050618379 | G9: =IF(A9<=Assumptions!$B$5,B9*'Decrement table'!E12,0) -> 101.67709 | H9: =IF(A9<=Assumptions!$B$5,B9*'Decrement table'!F12,0) -> 1913.6929
A10: 6 | B10: 36275 | C10: 103 | D10: 1840 | E10: =IF(B10>0,C10/B10,"") -> 0.0028394211 | F10: =IF(B10>0,D10/B10,"") -> 0.050723639 | G10: =IF(A10<=Assumptions!$B$5,B10*'Decrement table'!E13,0) -> 103.93476 | H10: =IF(A10<=Assumptions!$B$5,B10*'Decrement table'!F13,0) -> 1811.085
A11: 7 | B11: 34332 | C11: 106 | D11: 1744 | E11: =IF(B11>0,C11/B11,"") -> 0.0030874985 | F11: =IF(B11>0,D11/B11,"") -> 0.050798089 | G11: =IF(A11<=Assumptions!$B$5,B11*'Decrement table'!E14,0) -> 106.23711 | H11: =IF(A11<=Assumptions!$B$5,B11*'Decrement table'!F14,0) -> 1713.876
A12: 8 | B12: 32482 | C12: 120 | D12: 1634 | E12: =IF(B12>0,C12/B12,"") -> 0.0036943538 | F12: =IF(B12>0,D12/B12,"") -> 0.050304784 | G12: =IF(A12<=Assumptions!$B$5,B12*'Decrement table'!E15,0) -> 108.55346 | H12: =IF(A12<=Assumptions!$B$5,B12*'Decrement table'!F15,0) -> 1621.3166
A13: 9 | B13: 30728 | C13: 104 | D13: 1513 | E13: =IF(B13>0,C13/B13,"") -> 0.0033845353 | F13: =IF(B13>0,D13/B13,"") -> 0.04923848 | G13: =IF(A13<=Assumptions!$B$5,B13*'Decrement table'!E16,0) -> 110.907 | H13: =IF(A13<=Assumptions!$B$5,B13*'Decrement table'!F16,0) -> 1533.5562
A14: 10 | B14: 29111 | C14: 117 | D14: 1405 | E14: =IF(B14>0,C14/B14,"") -> 0.0040190993 | F14: =IF(B14>0,D14/B14,"") -> 0.048263543 | G14: =IF(A14<=Assumptions!$B$5,B14*'Decrement table'!E17,0) -> 113.4764 | H14: =IF(A14<=Assumptions!$B$5,B14*'Decrement table'!F17,0) -> 1452.6403
A15: 11 | B15: 27589 | C15: 135 | D15: 1375 | E15: =IF(B15>0,C15/B15,"") -> 0.0048932546 | F15: =IF(B15>0,D15/B15,"") -> 0.049838704 | G15: =IF(A15<=Assumptions!$B$5,B15*'Decrement table'!E18,0) -> 116.14703 | H15: =IF(A15<=Assumptions!$B$5,B15*'Decrement table'!F18,0) -> 1376.4719
A16: 12 | B16: 26079 | C16: 127 | D16: 1334 | E16: =IF(B16>0,C16/B16,"") -> 0.0048698186 | F16: =IF(B16>0,D16/B16,"") -> 0.051152268 | G16: =IF(A16<=Assumptions!$B$5,B16*'Decrement table'!E19,0) -> 118.57329 | H16: =IF(A16<=Assumptions!$B$5,B16*'Decrement table'!F19,0) -> 1300.9097
A17: 13 | B17: 24618 | C17: 99 | D17: 1188 | E17: =IF(B17>0,C17/B17,"") -> 0.0040214477 | F17: =IF(B17>0,D17/B17,"") -> 0.048257373 | G17: =IF(A17<=Assumptions!$B$5,B17*'Decrement table'!E20,0) -> 120.88501 | H17: =IF(A17<=Assumptions!$B$5,B17*'Decrement table'!F20,0) -> 1227.8004
A18: 14 | B18: 23331 | C18: 99 | D18: 1160 | E18: =IF(B18>0,C18/B18,"") -> 0.0042432815 | F18: =IF(B18>0,D18/B18,"") -> 0.049719258 | G18: =IF(A18<=Assumptions!$B$5,B18*'Decrement table'!E21,0) -> 123.73051 | H18: =IF(A18<=Assumptions!$B$5,B18*'Decrement table'!F21,0) -> 1163.3774
A19: 15 | B19: 22072 | C19: 124 | D19: 1066 | E19: =IF(B19>0,C19/B19,"") -> 0.0056179775 | F19: =IF(B19>0,D19/B19,"") -> 0.048296484 | G19: =IF(A19<=Assumptions!$B$5,B19*'Decrement table'!E22,0) -> 126.41799 | H19: =IF(A19<=Assumptions!$B$5,B19*'Decrement table'!F22,0) -> 1100.3585
... A24: 20 | B24: 16677 | C24: 145 | D24: 779 | E24: =IF(B24>0,C24/B24,"") -> 0.0086946093 | F24: =IF(B24>0,D24/B24,"") -> 0.046711039 | G24: =IF(A24<=Assumptions!$B$5,B24*'Decrement table'!E27,0) -> 140.34725 | H24: =IF(A24<=Assumptions!$B$5,B24*'Decrement table'!F27,0) -> 830.25135
A25: 21 | E25: =IF(B25>0,C25/B25,"") | F25: =IF(B25>0,D25/B25,"") | G25: =IF(A25<=Assumptions!$B$5,B25*'Decrement table'!E28,0) -> 0 | H25: =IF(A25<=Assumptions!$B$5,B25*'Decrement table'!F28,0) -> 0
A26: 22 | E26: =IF(B26>0,C26/B26,"") | F26: =IF(B26>0,D26/B26,"") | G26: =IF(A26<=Assumptions!$B$5,B26*'Decrement table'!E29,0) -> 0 | H26: =IF(A26<=Assumptions!$B$5,B26*'Decrement table'!F29,0) -> 0
A27: 23 | E27: =IF(B27>0,C27/B27,"") | F27: =IF(B27>0,D27/B27,"") | G27: =IF(A27<=Assumptions!$B$5,B27*'Decrement table'!E30,0) -> 0 | H27: =IF(A27<=Assumptions!$B$5,B27*'Decrement table'!F30,0) -> 0
A28: 24 | E28: =IF(B28>0,C28/B28,"") | F28: =IF(B28>0,D28/B28,"") | G28: =IF(A28<=Assumptions!$B$5,B28*'Decrement table'!E31,0) -> 0 | H28: =IF(A28<=Assumptions!$B$5,B28*'Decrement table'!F31,0) -> 0
A29: 25 | E29: =IF(B29>0,C29/B29,"") | F29: =IF(B29>0,D29/B29,"") | G29: =IF(A29<=Assumptions!$B$5,B29*'Decrement table'!E32,0) -> 0 | H29: =IF(A29<=Assumptions!$B$5,B29*'Decrement table'!F32,0) -> 0
A30: 26 | E30: =IF(B30>0,C30/B30,"") | F30: =IF(B30>0,D30/B30,"") | G30: =IF(A30<=Assumptions!$B$5,B30*'Decrement table'!E33,0) -> 0 | H30: =IF(A30<=Assumptions!$B$5,B30*'Decrement table'!F33,0) -> 0
A31: 27 | E31: =IF(B31>0,C31/B31,"") | F31: =IF(B31>0,D31/B31,"") | G31: =IF(A31<=Assumptions!$B$5,B31*'Decrement table'!E34,0) -> 0 | H31: =IF(A31<=Assumptions!$B$5,B31*'Decrement table'!F34,0) -> 0
A32: 28 | E32: =IF(B32>0,C32/B32,"") | F32: =IF(B32>0,D32/B32,"") | G32: =IF(A32<=Assumptions!$B$5,B32*'Decrement table'!E35,0) -> 0 | H32: =IF(A32<=Assumptions!$B$5,B32*'Decrement table'!F35,0) -> 0
A33: 29 | E33: =IF(B33>0,C33/B33,"") | F33: =IF(B33>0,D33/B33,"") | G33: =IF(A33<=Assumptions!$B$5,B33*'Decrement table'!E36,0) -> 0 | H33: =IF(A33<=Assumptions!$B$5,B33*'Decrement table'!F36,0) -> 0
A34: 30 | E34: =IF(B34>0,C34/B34,"") | F34: =IF(B34>0,D34/B34,"") | G34: =IF(A34<=Assumptions!$B$5,B34*'Decrement table'!E37,0) -> 0 | H34: =IF(A34<=Assumptions!$B$5,B34*'Decrement table'!F37,0) -> 0
